likes,body,url
37,0.8,https://sun9-16.userapi.com/impf/oQt_fkEiTt9I0cvgFadZusulee-fene50niPnA/OnpXhvVMVe8.jpg?size=1080x1080&quality=96&sign=f1189745825fe8473f0704d435a138d5&c_uniq_tag=bWBrzSgt2RydGW2KH_-DMTVx55jwblmlmTolCjMqgMw&type=album
26,0.8,https://sun9-23.userapi.com/impf/Qs2aRwM2qn-9Hosp5jf93-dD4LYs6G63C7RPDw/KkcWNYMhZ38.jpg?size=1080x1080&quality=96&sign=31126c7fef38494290dfc423ac08d82d&c_uniq_tag=NSLrg_u-fjhiUw13kgpr8TBBxQ5pEjbEWld1ceAeN8U&type=album
57,0.8,https://sun9-17.userapi.com/impf/AkJMqP1Bkvav4ASvOD0CvCNc49N733MgR2hZ5Q/CfucOQ_Bsws.jpg?size=1123x979&quality=96&sign=b72a4c115c489ee2d4080bc18063b3f7&c_uniq_tag=tEimVUUtKTE8dV7idpuQjhWnr8yzceEH1CyJrmNdm0I&type=album
37,0.8,https://sun9-3.userapi.com/impf/ivylfePHzsWZUoQ4PObDlztsaQPisAMTTF2_iA/GySkRTH_Td8.jpg?size=1079x943&quality=96&sign=64636ec673d2154ca6e910d4744f54d7&c_uniq_tag=n0W6FyLsoPl6SOrXFOgishXacExXWWTDacdhvLJGGtM&type=album
108,0.8,https://sun9-56.userapi.com/impf/hGcc5eDnYXNeUty7O9zPt3mpCsEI421_qpHqkA/c-rZ6KZi-H4.jpg?size=1080x1080&quality=96&sign=19dac63e423c17d29a2b292f7a03812c&c_uniq_tag=m9lGBsN9ACsgLHZ66JviubEpGwxbltR30NztLb2VG9Q&type=album
41,0.8,https://sun9-70.userapi.com/impf/ldZN7IAl8T0mTU8rDVSwg6KEWzaLHWbR5Lk13g/HVPhyzzYvGU.jpg?size=667x645&quality=96&sign=c044ae42e7fa588801cbc71b57ada131&c_uniq_tag=ohWfm_jhTatbabk2YbNxg343PiASpxjrgJsYpdd_bfc&type=album
87,0.8,https://sun9-70.userapi.com/impf/ldZN7IAl8T0mTU8rDVSwg6KEWzaLHWbR5Lk13g/HVPhyzzYvGU.jpg?size=667x645&quality=96&sign=c044ae42e7fa588801cbc71b57ada131&c_uniq_tag=ohWfm_jhTatbabk2YbNxg343PiASpxjrgJsYpdd_bfc&type=album
97,0.8,https://sun9-70.userapi.com/impf/9V7RChRjk2Rrd_ofEn4_UJFtuWpU-onu46JnWA/fiR4XslW2fs.jpg?size=1146x916&quality=96&sign=10ec39bb67abf8f9eaafe2f04c11dedb&c_uniq_tag=dAqqBMP3vrqRdfCkq5WswI4q90ot_HAUvdQbsayq9b0&type=album
32,0.8,https://sun9-71.userapi.com/impf/kXFT4o6KZFiCz3BvKOa0lHFnCr7cOVBQKt8b8Q/bxrlUwVJefc.jpg?size=1080x1080&quality=96&sign=d1b587dc056d539b22fd735f81649bc7&c_uniq_tag=pnE6IWZ3UwrqjqnA9Gm2pZqwnO3rulZ6nbiD8w_iTGc&type=album
27,0.8,https://sun9-16.userapi.com/impf/BbXSL2RlxIEdklnLGXvxpTNuaeOkdAicPTowjQ/8OFvzQ118EQ.jpg?size=1080x1080&quality=96&sign=2af9c2634afbb560b643ce6c9c0d637b&c_uniq_tag=3NVsRRLalDuRiliadMQBl0ff_R3y84FqmtQxiRZjMfI&type=album
31,0.8,https://sun9-34.userapi.com/impf/z4Txy5vbA01PPv6VgcVywaO7dFLtK6B2-ztJiQ/RXaMQNUY_-k.jpg?size=918x1080&quality=96&sign=47001614475614e20ae93664abb83ed9&c_uniq_tag=I9bYPl3hQaQvX_lQVUK0-QVzj3paZ1M-JKGfFfr-9PE&type=album
48,0.8,https://sun9-30.userapi.com/impf/CP_-ta5T982RfJMBDA5S-FOrRS75epUPzRIbzQ/pwhi1v5nat8.jpg?size=918x1080&quality=96&sign=11ef2f94a784e4e9ac440e2e521482ec&c_uniq_tag=Eu76xNF8rpPr7SFs6GWauzS9n7PLrSPMtFa8HrQ44xA&type=album
51,0.8,https://sun9-46.userapi.com/impf/moIBr86CZ7XsOKMJ4ahzA2iJuzikfve3fpYFCA/yz_EuSCZqbw.jpg?size=918x1080&quality=96&sign=0e50ca7337afcf63f4b1fe898626e435&c_uniq_tag=wTX77lAEReSlAgBidyjJq8YG6mdLCO_XMlL1CbzG-9c&type=album
19,0.8,https://sun9-73.userapi.com/impf/mRd8ui2VKzPv2RJRpLYHJx-o2x_mq3ey_2kXyg/tT0UoIt_Zd4.jpg?size=540x540&quality=96&sign=c82e97ba476dd205cb24d58b019f47ff&c_uniq_tag=brJa4B1ylNl8NN9o2_PfMI6xVEdBnul0awMD2k0A4nw&type=album
29,0.8,https://sun9-23.userapi.com/impf/BybBWjN49NMGvvCKdVU91gGPw1fg9fU4nSBnxg/kD6tmiHY9bY.jpg?size=863x1080&quality=96&sign=1b569bb307d858af82557cf1d3378c16&c_uniq_tag=YtGV12FaNWm2u6nBA-CF0vFbaxp85i1LOOPT4TW7M2U&type=album
55,0.8,https://sun9-40.userapi.com/impf/thue7AsphXbXSGyof1_JeQKHM6g-aYGQVadbTA/DKw21Vhk1vc.jpg?size=1080x767&quality=96&sign=4ba7f3b95bd679057c723b24faf186d6&c_uniq_tag=nMCNzQIE36mpJSR-iASqmC3zq6cdy6Gy5xozeKELRAk&type=album
43,0.8,https://sun9-69.userapi.com/impf/eWNOJzzunKBGH0N9rsWy-Yg9rHjt8QWQwrqjmw/fVn5Nbd5Zwk.jpg?size=560x560&quality=96&sign=d93d35dd65fb64bafe9393de99595689&c_uniq_tag=ZjoUeTif8BmN9jpd1I9s1LUl8nawLvrtHSLYz95r3cc&type=album
50,0.8,https://sun9-71.userapi.com/impf/V2D7UT-rEdMJqmhXBQGVqmXkqKoQyMhBhaFN5g/C0BAo5sdfJ4.jpg?size=1080x799&quality=96&sign=e02a4b6e0217df47efede67e50f8397f&c_uniq_tag=uITpyUeRJdFbv0fs5eDEYzXmb64fx1xD4_BUp2EwGfA&type=album
295,0.8,https://sun9-73.userapi.com/impf/9yEEjsV5Po_wcv3-uXq92o7FH4TJprXVakdyGQ/dMnUAE43N-I.jpg?size=1080x1006&quality=96&sign=da38e70ab0e919868ba7a39043b5d56d&c_uniq_tag=eJON0TCJou2XYLlbiWgG7fpuTZvXKzwJ3Ibpqjaarq0&type=album
17,0.8,https://sun9-7.userapi.com/impf/euA5_2MUjnZ_c2RSovsFBtujI9fx0gK0oiuIkQ/Nk39nGXTSR4.jpg?size=608x1080&quality=96&sign=3cf367f5f853cf8128a03617c4af82a5&c_uniq_tag=e5svBGuaKe9LGFJByHo6ZvroeUcz8wGwRXbzVBoRkFA&type=album
53,0.8,https://sun9-5.userapi.com/impf/hxbjanax8YrIAi6FloIIDxCPwS4ocEm2X1qEcQ/2yTIcn5ySq0.jpg?size=919x1080&quality=96&sign=4d6b3d78d874d293fb68bfb73ccd7ead&c_uniq_tag=EKaDLwuqNYu-8kThb4sqc2kDDwCFY8jBZOj0B6ayChA&type=album
95,0.8,https://sun9-46.userapi.com/impf/On9v1dqBgz4vwn5toIz1dUx5DDN4KaGWCIKTZw/Kseo5Ad1lE8.jpg?size=1066x1080&quality=96&sign=79ed4e4510f3e44461455468525f2839&c_uniq_tag=gnZ9Ri6AHRL3QprW4REkgReNFI73TSctmheIwgExEvU&type=album
302,0.8,https://sun9-22.userapi.com/impf/kXOgjP0L9fcPRCrlEzUwqv6VBWrIRAwJ1cF5VA/1WU4uggwElc.jpg?size=1080x977&quality=96&sign=5b97b9e11333fdf72aff2e3d04b6c1df&c_uniq_tag=Lzakr5Jv0n7jXBrTNlTOlWFRFYoXHWVStCpdFcqdwIc&type=album
106,0.8,https://sun9-25.userapi.com/impf/tswyF6mlZp3bKB3nzQ-pCOj19jk83IHm2KGLvQ/jvYnV-od9kY.jpg?size=752x1080&quality=96&sign=373994d12d9575a335ebe82df0460bc3&c_uniq_tag=asE9C9ZcO-b5s9zeEZ6wDk53lt0GxUqt2AE4iB5js4E&type=album
24,0.8,https://sun9-48.userapi.com/impf/R7AEfB6bxqTXcauvBaCeo94xB2Wunww_t0r87g/2QIn-Svaks4.jpg?size=1080x1078&quality=96&sign=1407b6ca75e108b79f202570a43aa655&c_uniq_tag=gcv_vQgYIrNPtadRyCTgyCIYluEoJGSc__bJdg5Ygtc&type=album
484,0.8,https://sun9-20.userapi.com/impf/hF3HUEuWei9s4yHBuXMX5SU5lsJf76dkzZDQ5A/gOzSFyn6Ibo.jpg?size=1080x962&quality=96&sign=eb1be69b5a5f6057a3dca2e4949503e7&c_uniq_tag=ERA-814eCj_gzDf3Zdga8YYKfYkVLUJOQCmZFHPsgMw&type=album
86,0.8,https://sun9-33.userapi.com/impf/WNTP2ONy6RJNh3bk3792e1xrMr19hk5faXTqZQ/JGOHbE13994.jpg?size=1080x523&quality=96&sign=97dc4342c8f4fd2963daab24a6442f26&c_uniq_tag=sZGyjGtiqb3iVZZFbDUlmPhav049jWw_PkeG9f37Ljs&type=album
333,0.8,https://sun9-28.userapi.com/impf/xxBDBycSfbCEvWsRfyiPP6k42gFSsnEqJq2yRw/DhMtF7goH-0.jpg?size=1080x954&quality=96&sign=23d9e89a7559be82a6afdb3e7ef9fae2&c_uniq_tag=vzhzoVJG9MLFmStSbOWOzjes7ucWgsk227fqGAMoypI&type=album
212,0.8,https://sun9-36.userapi.com/impf/97jqfQR0tZBBF0Hk8Di2COB9TF2T-QzDDjjSUA/Hyfs9RLITpY.jpg?size=604x389&quality=96&sign=da94dace5740d54be80724a994939641&c_uniq_tag=dqBZ4-e8XD9478b9SLI1yRGSKk8rKDREe0cBynX2I7s&type=album
33,0.8,https://sun9-58.userapi.com/impf/_qqdjpt9Ywd6a5M6Wfj4lLxIqEdGGVdv2irWVA/5oEXjfym3rM.jpg?size=604x340&quality=96&sign=fbcfe1e260ee9a9b52a6f98cf5a62ea8&c_uniq_tag=M2yFFrYa-pyQgke3EwZ8TQIjD6mMbCAiGzcbvSzSYPk&type=album
150,0.8,https://sun9-11.userapi.com/impf/PPGzCtiDnU18ZNRKXmIJk-fe4mGE49OTjpBxtQ/SJ7HkUS3FtQ.jpg?size=750x880&quality=96&sign=3141225ff43370442d1bb9413b9f981a&c_uniq_tag=RGIj1HP9emEQf7-fpV8-ZdnFQE0blvKqXTJVMb-iPoE&type=album
14,0.8,https://sun9-52.userapi.com/impf/lAnNvOCOBVtIydqZ30UqfxDLT6WPs7wtpbC5uQ/L-iSjHPG228.jpg?size=720x548&quality=96&sign=eca3ba67b2b1ff397449ddb776762228&c_uniq_tag=Kw7Pb_8B5BSu8a6q579iLu7PibSdB3WMNJMV6EkUHY0&type=album
30,0.8,https://sun9-38.userapi.com/impf/hLTqn7ArKlnUKDgJI6RZLMBzbbB9n35wdYxkWw/Se9fKldmTLU.jpg?size=1080x606&quality=96&sign=39ae86788c1d38e8ec91312881e07d33&c_uniq_tag=UQxdhl4mDrqNGI0SO3gG6lMUp8w_Wt4kb8W2ncsAfgc&type=album
129,0.8,https://sun9-17.userapi.com/impf/aM70RYjg3pHajXdtwU1COyN0vMkRjqTi4IUNlg/rEk7kBNc0wQ.jpg?size=604x604&quality=96&sign=d32feee3ec583fe7b5ad6e0da12f8dd7&c_uniq_tag=OL4pVxeiF3lPeaI6i1KbnVNKYO-WIewXVJTMHX3-qwM&type=album
143,0.8,https://sun9-39.userapi.com/impf/rhgXNpHvex0xcwq-zTIammUmL9NT88_nZoFjbg/62eQH1kpYJI.jpg?size=994x684&quality=96&sign=393941c2c7951e1d71d9b1e3c942aa5d&c_uniq_tag=sQJTwDq9lpKAl3Txpv1LhjjyRp6-DPaKsBQ29jAIIxg&type=album
378,0.8,https://sun9-71.userapi.com/impf/NXe7D4xge8Xs4vTuADpyGac4-85NY74mI8zfUQ/jrpJj1aR65w.jpg?size=1080x997&quality=96&sign=6f8a9a2e29c24f447fc70a073ef695e8&c_uniq_tag=3qaNN4V8Dsx_xLTPBG3anuS3bgSlWZGfIaOFki9gNqg&type=album
43,0.8,https://sun9-15.userapi.com/impf/sKpug-o4LK9ubaqaGFa9g-MvWBqgS_4kv-CpvQ/f1yuAzJZZNI.jpg?size=1003x1080&quality=96&sign=2642c307a5e77d1e2b8a6ef76d2cfce7&c_uniq_tag=etTxG9BFXeGV9LYd56lvMnkr8KS_0nDfd_HEueGRaF0&type=album
444,0.8,https://sun9-37.userapi.com/impf/eog_0spPVQgT_hFvlGQAFuUzFnatcz2EjM5CEA/MbqVcM5QKe0.jpg?size=1080x881&quality=96&sign=03edcc08421345ad695dfef16d71627f&c_uniq_tag=zkeEYTa3u0gV_l1Y88827VMUIeyAfmGDKx28BqsdeNM&type=album
10,0.8,https://sun9-7.userapi.com/impf/euA5_2MUjnZ_c2RSovsFBtujI9fx0gK0oiuIkQ/Nk39nGXTSR4.jpg?size=608x1080&quality=96&sign=3cf367f5f853cf8128a03617c4af82a5&c_uniq_tag=e5svBGuaKe9LGFJByHo6ZvroeUcz8wGwRXbzVBoRkFA&type=album
468,0.8,https://sun9-32.userapi.com/impf/i1x-Oj5S01xUDBML5YgSAvrSJvgnXPdJtKDs0w/03sJ2_MTFJU.jpg?size=1080x781&quality=96&sign=2f118c03f73a167e300b0952574f8cd5&c_uniq_tag=5xknoTNNJ5TF9bR5Z04iatW3PNJLBkGgey3HVZB6brM&type=album
114,0.8,https://sun9-12.userapi.com/impf/1CZGDaLjaS8myKsASuA-nKSpG4_YlgNeGGUlHg/lSIKMPUIS24.jpg?size=1080x1080&quality=96&sign=3b9a6954e96d51fe860c571a4a81a044&c_uniq_tag=COxcQ2yV_LtntvtedClpKOqDSYOhDKPNjrpKg0EABfc&type=album
60,0.8,https://sun9-16.userapi.com/impf/VgjFMNFb12-3VBpjHOQwu6tIaxjk7rmJxMRTTw/jCjZx4ajqFI.jpg?size=640x626&quality=96&sign=850adbd7256e3cdd1a67259a5b45f896&c_uniq_tag=irBtua-X4xPsGxOs4uUjyWIBhMBvjfM2zmroLev_Cjc&type=album
244,0.8,https://sun9-15.userapi.com/impf/oBeZY1gDhaCyJ06kp0Lyj4253su5b86DV9hRsA/sWZoGG_MbAo.jpg?size=1080x956&quality=96&sign=41837d846f1dd7dc41ec15cdde0bfd1a&c_uniq_tag=GT-lEayQCt-a_NUSwKTXNyuT_7WP4ymj5AYNp9LD_B4&type=album
226,0.8,https://sun9-12.userapi.com/impf/eVTDheL_IG98vSe1XEIuG6F723imOECPnnHuhA/KsE3xKEJUE4.jpg?size=1080x930&quality=96&sign=aedb2eed42c8535b644c64441f7d9a4d&c_uniq_tag=I8Q5GLYIqQQOpggmDFfLpiy6nCVeOWNh9koeztHPj0g&type=album
72,0.8,https://sun9-37.userapi.com/impf/2JMK7eVytyEzPL96mn5BCQp_DB-PvQ8XAzOLUw/Bj2ItHiwA6c.jpg?size=1080x948&quality=96&sign=b3a02561222f2ef683398a870e678afd&c_uniq_tag=IO66iNcRaQBRUPCQwIfWRpWJP6B6LsKBEaP1ph7ymCM&type=album
810,0.8,https://sun9-58.userapi.com/impf/KvOXmZ866cb_aSRMgxpDhO07ApiKr-xmwYhVJQ/MJdcS499GbE.jpg?size=1011x1080&quality=96&sign=7cd329fb8f752213a6be6c40584de301&c_uniq_tag=KE-hsP5bPzFzdefNQYob2nydUgmvvq0pBawIjDlOK2Y&type=album
44,0.8,https://sun9-47.userapi.com/impf/PUzQowU_TTVpJla8R9DkgIYvGP9GblSapKeb1A/Fc2Kya0iD0U.jpg?size=1280x720&quality=96&sign=41afaec2ff9af69f888eaf6a41bfb009&c_uniq_tag=JLqBT3VA0L_j3octLUjRKqtulLoM6OE9QgscJX6K5jc&type=album
97,0.8,https://sun9-69.userapi.com/impf/EYosyEodTapb6l0iFFdW4RsBhdTfPQV4nrzgBA/vSsD0tb6fm8.jpg?size=1000x1000&quality=96&sign=4ac9e8d835df4ece60285845fb9633df&c_uniq_tag=YWwfHNWsxwCQ0vEttS7diNNvpVKWX8XA6z84FZoKUIE&type=album
87,0.8,https://sun9-8.userapi.com/impf/ALpxewOUei8eA8Hq9wp8rcmh15IY-0_Cn-R21w/X6sLu5GlbW0.jpg?size=990x1080&quality=96&sign=31aa194db61c526e8434fec43bcf52af&c_uniq_tag=XeSdNOX4IOK_2miaVpCCO3X6TT7nKgAvYAw6jd84fyg&type=album
39,0.8,https://sun9-16.userapi.com/impf/E_bsfA6gfvweEwDcIftDfYF-oMTeA8Oo81PoMg/nyC0KvF5q3I.jpg?size=1041x1080&quality=96&sign=2d11a2db1c82c614659dc983075b8e52&c_uniq_tag=NOi-bqGVN1M-a1YPBBUyZsFIQnHGQt1RmIyfNLNwWxI&type=album
29,0.8,https://sun9-47.userapi.com/impf/o2Oie-l4tJYM6Yz29RFvtWHIB4HeWgNLDsajEg/gT5pCKTJJD8.jpg?size=640x620&quality=96&sign=2993a8342febf586596415c0d316275d&c_uniq_tag=MQdNHXxGRKoQSYm5i9Q8oyVpQYmOavPsGp9QP_MvgLo&type=album
32,0.8,https://sun9-29.userapi.com/impf/4Zqzjd3JY8dsi4gBXWvIVp7Cc7ikhkFMxM49FQ/6ncEZ7E_txg.jpg?size=640x778&quality=96&sign=c838d96dc45fde9e79021203a146c853&c_uniq_tag=aZoGYJNGLLsO7oXgIEg8w6mu-qUmsCiDIwviTE0pdKw&type=album
260,0.8,https://sun9-18.userapi.com/impf/ucH5IbNVtHRbhh6bxeJmRvOeXHhv-0j5bELJ7Q/w1-FHqfotkc.jpg?size=749x748&quality=96&sign=2fb1f43b6d6a37d41331f148c302525f&c_uniq_tag=WssrC3AWIe7j9C8WgysYc465txIFx3wM3wi_1wLNPgE&type=album
86,0.8,https://sun9-24.userapi.com/impf/WeiFzJL9-E6gNum2G91lw89VCVIgK1zBAYM5eg/3hVU1LkGsvw.jpg?size=1080x1025&quality=96&sign=72d729d6afb3d059a83026432ad77db6&c_uniq_tag=l3uhpNBHeiDA528K2jNa6VwoXU2kx8ttdX7v6HVpsfI&type=album
144,0.8,https://sun9-12.userapi.com/impf/dWyPstOka-ie7XlRjhUKFt8TQK5ibPUs8BA7iw/uW16E4dtTSo.jpg?size=965x1080&quality=96&sign=95cbf6facf3669c76194c6e9ca7429f1&c_uniq_tag=Ep5ODEs_3dI_RdfUCwi_pWDfamJBPNHZ8dtjcIVZ4-U&type=album
206,0.8,https://sun9-1.userapi.com/impf/j3G2SNeB7p9JUi2PQbh225PFBtxVotFbdhmw1Q/h182Q0dnj9g.jpg?size=957x1080&quality=96&sign=65ad242d8cd6b37b1914c3a6091b32e3&c_uniq_tag=pl0KQviZ5mdX2yGmEhmyWlEvRWRux1mUrZCQW2OsTm8&type=album
153,0.8,https://sun9-22.userapi.com/impf/nv3PjMcoWG-3kriF5gEVhBbwNIHvBTPavO-seg/7QBGgFdDOVE.jpg?size=1080x1070&quality=96&sign=62363688f136df4dd47525c6cc8dcf18&c_uniq_tag=mgURsbbFt8Ag67PHX2GwjnCjrLJMTYA0ELEf7q96gZs&type=album
48,0.8,https://sun9-15.userapi.com/impf/sg5XH-7UcETF7mZz-Zu46bpCILL8SjoxS-ctKg/RJ3p_LB0CXM.jpg?size=1080x1022&quality=96&sign=b68103cadc4992490ed9c522f622817c&c_uniq_tag=t220GBISsvea0-OGcT5UxSeRO2N_TRdNf7Yj-jf--Ck&type=album
29,0.8,https://sun9-19.userapi.com/impf/MMZcOaC9_ePJnEbG6RghBx3cDtxua3wP3vpJnA/3chrj3xjmLU.jpg?size=1080x1052&quality=96&sign=27f025901833823308ffdabbeb0e831a&c_uniq_tag=xtXTKcSWiNkYOXDxw6Iu3aeanyAvQuSSudKJj_rwMUk&type=album
299,0.8,https://sun9-23.userapi.com/impf/O4QTSUw11AQT37oqg9UUiFB7kZ-R6EBwn-YedQ/zWFN1Y96Fls.jpg?size=1080x1054&quality=96&sign=0d24f72e9bc8774ce08eee25ff9becd2&c_uniq_tag=DaL-ZvRN-XKVTwepy5JzY1uy3ppQHi9rYPfkgyipOmA&type=album
436,0.8,https://sun9-40.userapi.com/impf/9AHP7fr_FoIQt5RxUv81JLrqqJ4rINynUT4u7Q/6JhprHsM_gU.jpg?size=926x1080&quality=96&sign=03c98cdd41b3cee34a082cff1b940661&c_uniq_tag=7a6oP7mAhFMIicbfT70OWqNG0REGtzZ2i_pXtQPzS14&type=album
204,0.8,https://sun9-26.userapi.com/impf/cjnE4HmEpdVr60edlOD2TYEMwUqsx3V8HafyfQ/I4YofY2-YPY.jpg?size=1005x1080&quality=96&sign=2428198f27c4567ba6727509e479ea57&c_uniq_tag=i83Os9F5Hv7NgFBTxIDAWg_2AWTws9uabEbd3z8UqIo&type=album
533,0.8,https://sun9-71.userapi.com/impf/90KUhjLCqYx-ApHJeC4ixKR4IdDyndKxEykZNA/uHJqI8uNUnU.jpg?size=1080x976&quality=96&sign=4510e209c843be9ba6c265f55b1c1905&c_uniq_tag=L9CuJ5TWUKL_vYTl8Wude5Z5a80pjuMBqwxwXiRT64o&type=album
81,0.8,https://sun9-33.userapi.com/impf/1tKZEy1cZF04zCIbMZxue8GUvzByTJFBjeddeA/-V10JY5zTL4.jpg?size=604x340&quality=96&sign=33ecf1d262e0af8547be344ff19a3b6c&c_uniq_tag=XU3ne6nJxTCc1kG2EhJG6Vljw6PhoFpg5m4ST-SxnAw&type=album
333,0.8,https://sun9-55.userapi.com/impf/uVxrcTmkE-6fA4Gakbcx71_UUN7cP9MVVRq-KQ/G6tyR7zddew.jpg?size=1080x1064&quality=96&sign=6af6f5c98d4ba1313cdb1e6dd98a9f40&c_uniq_tag=bePxTKeLY5jNTvhSMo97EkQs1YU9QX6yGFoHJ4T_3Cg&type=album
57,0.8,https://sun9-25.userapi.com/impf/ehc5UwCt78k9R1DsuAYRPFng2YO7i1R0OSmSGw/P4QerOJCZAA.jpg?size=1080x1061&quality=96&sign=52a8a09ba1c023136e0dd4a2d7157a8d&c_uniq_tag=2yLrYCHgHXjO3eY-twLCPZf2aewz9DkBYgz41yCzC34&type=album
33,0.8,https://sun9-43.userapi.com/impf/JDlBG7WBcfDNdtwx15RHh7MWpjpRgRqEE-h6IQ/eYem9Uf1tgo.jpg?size=1080x1063&quality=96&sign=d0cdcc5a5b32d104b4e754eb228eafd6&c_uniq_tag=CoIAMlpuus6FtNnx5HblTVN4ff3NKj74IV8PfgHdGBA&type=album
6,0.8,https://sun9-27.userapi.com/impf/xBCts8dqozgpT_wN5hDSLBUGk0QVgagjKrAvDw/IXjmjZ5nNPs.jpg?size=1080x1049&quality=96&sign=9ae2b17c36db8b903a0a42cb17cbbc78&c_uniq_tag=pnRc6XRSK_GjRWvIkTAV_SDrPPV1RGI2QuvEVWh_4EA&type=album
187,0.8,https://sun9-23.userapi.com/impf/NAjU6rUJjyhDAnqCaumrAaalSUyUWl0-qzPR5g/HPjDZlztgWs.jpg?size=956x1080&quality=96&sign=9317541293a6c483205aff5059992ad1&c_uniq_tag=gYmh_4f5KeKIbg3MSmzOUfd1euwZCtTdh1VrKW1uhTY&type=album
65,0.8,https://sun9-6.userapi.com/impf/_Nq4qAPkLY57057vdonJMscEUD7zYJG7b9QIEQ/IJQ8DaQva3s.jpg?size=1080x1072&quality=96&sign=661c4c1c74f848678665ccb68a1cefbf&c_uniq_tag=E5_toXySi0xvTTMip9HOOBwGDfu7MRMh3CJRZPUm9O4&type=album
179,0.8,https://sun9-36.userapi.com/impf/YaIwvM8mQon66it2mlCnSsoRL5VPSgoYlzXWWA/dbtzbVDQoD8.jpg?size=1080x1067&quality=96&sign=e66c0fd77c7746b55ce50837c9b0a05f&c_uniq_tag=vrD5p02Sx18BoD07m-I7Y-82gVh6NzNiHlOYovXvJDY&type=album
99,0.8,https://sun9-73.userapi.com/impf/0C5LVUgTiBYmhJzZf_RGbswJ40MWKOdimj7vQg/F0C4TDzImrM.jpg?size=906x1080&quality=96&sign=f257d2188a21f3f814e13505b115e9e5&c_uniq_tag=0PWjV3rF3qihSrgH5PUMeBy061P1Mneol9yr76ULA2E&type=album
25,0.8,https://sun9-11.userapi.com/impf/LCKROF0AfcpfCB2METBZK3lpqA8a3c6ouHdhGw/SzhPIravuNY.jpg?size=1080x1030&quality=96&sign=69a5311c77d62f0173e254c7e3443cc8&c_uniq_tag=w_X0c8GE3LUilFxC62BU9aQEWtnGtgs0BybxjN6X4Fw&type=album
18,0.8,https://sun9-48.userapi.com/impf/pgJC27E0PhRYTVfGj-ifu8GYsxZ0VXMOIETh6w/KU0POZw-rdo.jpg?size=1080x1066&quality=96&sign=58b601a80259c316bbe13a96969a5f21&c_uniq_tag=1teNfZkxTW0-7ZUQtvy6Ka4DiCPdBtXmliqeHAxTRcU&type=album
65,0.8,https://sun9-58.userapi.com/impf/4RQNGmi8ZLX_17fpHWmrw8yshma3LKvwPk7Nug/Nrjc0aduAH4.jpg?size=990x1080&quality=96&sign=c433e89c3b52af8c6cb11b49d467e438&c_uniq_tag=kPL92WIZCp8ryMthxW3HO1m6cT64M-uQeyu0OC0dKd8&type=album
104,0.8,https://sun9-13.userapi.com/impf/dFLMHef5AyKsx_KM1FstidlEAK7YM7uX6VRx1Q/Jj89wG1bYss.jpg?size=1080x1070&quality=96&sign=2748cc26393b670eda6d484573701777&c_uniq_tag=hyAfMe4zLoK4zI-sX5aeNp12hwd5zu3g4MkH4eTDh2k&type=album
103,0.8,https://sun9-40.userapi.com/impf/vIUTH25qvR0eehrOXrrFzToLse2WOOPdg-pEZw/MYkMP2htvbQ.jpg?size=1003x1080&quality=96&sign=8cef3b7f28e6ed7ee242132ce9e73346&c_uniq_tag=pS6IQfvgcSlo9VX3cxwpxVu32IgFOQu2f6xIYL3-w40&type=album
100,0.8,https://sun9-71.userapi.com/impf/DJ3igceJKYpptZdirtTJ6_ACglOLvlHrGq3gBw/0KpwZ4G32m0.jpg?size=1080x1070&quality=96&sign=39e9a9b4540115a42dfe9c0a40ad2353&c_uniq_tag=-LsLQHKGH1CI-jeNVWg-iNCJ4Xodelhl4WbfaHYRpNc&type=album
86,0.8,https://sun9-74.userapi.com/impf/nVKhAUkMhoMPYcg1vr1ChOomNHcctuVHiIa5WQ/-TrUGqv4wN8.jpg?size=924x1080&quality=96&sign=dbc558e647f492a247748dce59250d5c&c_uniq_tag=m_361v8Po7dj7XUnQi1t5uqvNlicLdD4SFekUoXvxho&type=album
117,0.8,https://sun9-41.userapi.com/impf/cFIv6FaKSrV6100RWtJZu3JXuowwG_ZMpp3H3g/JrcVzaO93NE.jpg?size=884x1080&quality=96&sign=e2d6940f31ff9748f250ddfdadbdcafd&c_uniq_tag=Tyv0TqFu13a5tUiFDdztpP5tMsQofh-6ICASnUlIFZc&type=album
4,0.8,https://sun9-32.userapi.com/impf/a_zJsXaoQeAfWB65f1i7v58dCOniPwvy1adn7Q/SqzPPE_vK1g.jpg?size=198x360&quality=96&sign=51d4e9f352ff3f16738dc44fea1417a5&c_uniq_tag=rqlnTr6R1v8w_q3caknl7syEvQQu0qsbAlh2m0IcBz4&type=album
229,0.8,https://sun9-73.userapi.com/impf/8JElw2ihK4St5BD3WiGrXC8JB2y94iZ95C0Myw/NcRBTN8ZYkI.jpg?size=1080x944&quality=96&sign=b348bff01ac67c41afa25f9be9adb14b&c_uniq_tag=FQeJdjzwOsCceN7ofwHylNM2Wyas6LYHGciKkh7Y5EU&type=album
313,0.8,https://sun9-72.userapi.com/impf/lC2JhV_DDeq5lDyePVXF7jcZAAsywC3DEeXU3A/UFDfFk1ApSY.jpg?size=1080x966&quality=96&sign=dc5e1843715825b54fe76f4ee0ea351d&c_uniq_tag=YBMSQpklYWlMgCfCCC9CmFkjDB8IAe_R6zNSB6P_ZI8&type=album
34,0.8,https://sun9-58.userapi.com/impf/hWFtWXQbLc1tiwQFVtr9-LlBlXoG_pABK17-6A/vNUw_X_hqn0.jpg?size=1080x1057&quality=96&sign=0fafbe5bf976e0a26bb5930f30387f55&c_uniq_tag=XMwG9ROAKPnn7sf4ZHwUsqLPpTKmOM-_j26yDIYXwjU&type=album
56,0.8,https://sun9-25.userapi.com/impf/c_iMla4ctASWQEZ7vBwf7Y9tpmWFwM91IrEzEA/9LFiaOssjpM.jpg?size=1080x963&quality=96&sign=78658453c2416bae58da53ba59aa549e&c_uniq_tag=EvnDAPuKc46nr7gTptqngQzJEek_-_hZkvRt0YB4PnY&type=album
443,0.8,https://sun9-15.userapi.com/impf/qfTEIulq46wCpDNejh3S4wEeWGg1b1c7petROA/4YIpRDj5PVI.jpg?size=1080x1061&quality=96&sign=bcafbc430ddde102db7ba61380ff31df&c_uniq_tag=ABpTmjBdU-kG7_d663Rxqn0Zp5ZshRxVl3l1m92gdRw&type=album
42,0.8,https://sun9-34.userapi.com/impf/-LBsvm85dnhlDi50PyHBfYYx7kx2bnkqxZakkQ/uUld7puIpZU.jpg?size=1080x1057&quality=96&sign=38fa17e4af1f2d419a444e9889b25e54&c_uniq_tag=wRifH_CAb8J0y5qPnMqKhqIU5sXV6fOVCW9OfpX_rD8&type=album
23,0.8,https://sun9-75.userapi.com/impf/CTh-fRlIVCPsONHX67KWRPsCFh49oUKUVkoyxQ/4PGYwRZ-Ies.jpg?size=1080x1069&quality=96&sign=8669e1c1f1a23c8c00b6686ca5fa937c&c_uniq_tag=TAQOeLGrB-QJMrwq5TBYTLiwq1pXyksTQOWGRQiIHtk&type=album
34,0.8,https://sun9-75.userapi.com/impf/CTh-fRlIVCPsONHX67KWRPsCFh49oUKUVkoyxQ/4PGYwRZ-Ies.jpg?size=1080x1069&quality=96&sign=8669e1c1f1a23c8c00b6686ca5fa937c&c_uniq_tag=TAQOeLGrB-QJMrwq5TBYTLiwq1pXyksTQOWGRQiIHtk&type=album
57,0.8,https://sun9-28.userapi.com/impf/PONG8219q5USmpqEJGvl1KIFBzXoOOdAiFUKyA/uXrEPVxMI8M.jpg?size=1080x1042&quality=96&sign=ac74f70d8adcbe4ff2b2cbaa42dedd19&c_uniq_tag=S8Dpg6Pmlgn5SyOmhvWMbEofJ9rlTakMmhTMZ95zvEU&type=album
223,0.8,https://sun9-60.userapi.com/impf/PWt2sLUjPK4kQhVwxMuj_xvo0_WMfRuRfOpYQw/DKaV-xYCV1E.jpg?size=1080x815&quality=96&sign=94c0fd18e62890c86e7bd1996b5cce81&c_uniq_tag=AbuwSPd2T6EjJGozgl0kzdE4D6UMqdXsEZAeI73vE-Y&type=album
43,0.8,https://sun9-33.userapi.com/impf/T8WYceNGGxP2lcyMI4_WhrqU2yBEP12auGnvMg/goF8pG5NASw.jpg?size=1080x1068&quality=96&sign=4374ed82e60a14b654cdb2e2d37b9148&c_uniq_tag=WA8v_Sw8E4EVGbUJyTYUEaUUe3ktrRjd60MAj1oZM1Q&type=album
9,0.8,https://sun9-22.userapi.com/impf/Y9XQ4ZSNg9kmovpVAqrlkkxbF3bWYvTq-Co56g/hFe4ZWooIwI.jpg?size=1080x591&quality=96&sign=a990bf5bed3b9f09e39dfbbe82ae585c&c_uniq_tag=ONjIQCH-GCCLDWs1hL1sx9nEwI63hoOzPQBINoemmm4&type=album
90,0.8,https://sun9-30.userapi.com/impf/sTgodWWSV8b6n29wEN0F00MDTWK_hqHjvDD4hw/iDonDR8oANQ.jpg?size=979x1080&quality=96&sign=658ac9d5f3b868f5a66d4936dbd3fea2&c_uniq_tag=ivHhmWaszrQR-QAymw3V7DTOMrWiYVAf25w87MoXc5I&type=album
29,0.8,https://sun9-26.userapi.com/impf/5nM6zo-v3ahaPc9e661uYS_FooepxXIENtiPOw/NbkNz3-ZaMk.jpg?size=1002x1080&quality=96&sign=793728e24ce45a29b15a93f21f65e7bb&c_uniq_tag=RrMpw-ZrU3r9DWQcJQnIqIE0bO03IbtafffLylm9Qw4&type=album
33,0.8,https://sun9-10.userapi.com/impf/tGBJli6XxGdHlKGnKNINX-00FwH7BL_4jolKGQ/L8ouzx3EMtA.jpg?size=988x1080&quality=96&sign=5b2e11652c11b380fa7120965c59a440&c_uniq_tag=4BqyX4ybmdtyOKcuK3WCb_e4Qr81508PWFYwRalIESw&type=album
28,0.8,https://sun9-60.userapi.com/impf/znQ4M084FXkfaEI6H3WlmgEP-m1d0jOQ4pXSeg/bRx6QsvGEFk.jpg?size=1001x1080&quality=96&sign=e441e387a1f19e79076bc2d539a4666e&c_uniq_tag=sb2AcdlBIkmI4j0qIaPrYVnlgLG6HD9MtrXn6bWuWGw&type=album
132,0.8,https://sun9-41.userapi.com/impf/1SsQedKjakrazY66AdaJmWEoMTkXJIx5t3Rc6w/4IvLGqpBON4.jpg?size=1080x998&quality=96&sign=250569159f6992e4a551e628ff32bbcd&c_uniq_tag=qcdbYqihtr61Yjk6F3itotYTSCB29CTE3PRN3wqPNX4&type=album
147,0.8,https://sun9-74.userapi.com/impf/qvP_nh5mkwhZkAuKtrcfbaIn80k-sDyf-AlCtQ/OUYewbgoah8.jpg?size=1080x680&quality=96&sign=9b6e25f8fa1d3adc0430356169fd3dc9&c_uniq_tag=vmywVGXm51b8W8TNVUOpi-0f3qV9WoIaxjwD-F2amVg&type=album
146,0.8,https://sun9-58.userapi.com/impf/q33RzXEilsc03jVZgYNbSC2T-MhkvZrzIegqhQ/d-lYIolL_mQ.jpg?size=1080x1060&quality=96&sign=7495713397ee574fdc16c67916fdf852&c_uniq_tag=IE7u7u9TVOPM4y8ErIiiXuywFQT4B7ZYlKy-3z6FNU0&type=album
